{
    "adminData": [{
        "orderNum":"1616165",
        "pNo": "88",
        "mNum":1,
        "pModal": "UTYS654PS",
        "pName" : "极光尔沃",
        "mNo": "01",
        "mName": "柴犬",
        "mPicPath": "https://ss0.bdstatic.com/70cFuHSh_Q1YnxGkpoWK1HF6hhy/it/u=3751910808,1160227988&fm=26&gp=0.jpg",
        "mfileSize": "2mb",
        "mMaterialType":"PLA",
        "mQuality":"标准",
        "oDate": "2019-2-11",
        "mSizeL": 20,
        "mSizeW": 20,
        "mSizeH": 20
      },
      {
        "orderNum":"1616164",
        "pNo": "88",
        "mNum":1,
        "pModal": "UTYS654PS",
        "pName" : "极光尔沃",
        "mNo": "01",
        "mName": "柴犬",
        "mPicPath": "https://ss0.bdstatic.com/70cFuHSh_Q1YnxGkpoWK1HF6hhy/it/u=3751910808,1160227988&fm=26&gp=0.jpg",
        "mfileSize": "2mb",
        "mMaterialType":"PLA",
        "mQuality":"标准",
        "oDate": "2019-1-10",
        "mSizeL": 20,
        "mSizeW": 20,
        "mSizeH": 20
      },
      {
        "orderNum":"1616163",
        "pNo": "88",
        "mNum":1,
        "pModal": "UTYS654PS",
        "pName" : "极光尔沃",
        "mNo": "01",
        "mName": "柴犬",
        "mPicPath": "https://ss0.bdstatic.com/70cFuHSh_Q1YnxGkpoWK1HF6hhy/it/u=3751910808,1160227988&fm=26&gp=0.jpg",
        "mfileSize": "2mb",
        "mMaterialType":"PLA",
        "mQuality":"标准",
        "oDate": "2019-1-10",
        "mSizeL": 20,
        "mSizeW": 20,
        "mSizeH": 20
      },
      {
        "orderNum":"1616126",
        "pNo": "88",
        "mNum":1,
        "pModal": "UTYS654PS",
        "pName" : "极光尔沃",
        "mNo": "01",
        "mName": "柴犬",
        "mPicPath": "https://ss0.bdstatic.com/70cFuHSh_Q1YnxGkpoWK1HF6hhy/it/u=3751910808,1160227988&fm=26&gp=0.jpg",
        "mfileSize": "2mb",
        "mMaterialType":"PLA",
        "mQuality":"标准",
        "oDate": "2019-2-12",
        "mSizeL": 20,
        "mSizeW": 20,
        "mSizeH": 20
      }]
}