{
    "status": 0,
    "modelArray": [{
            "modelImg": "https://ss2.bdstatic.com/70cFvnSh_Q1YnxGkpoWK1HF6hhy/it/u=583616640,1117257950&fm=26&gp=0.jpg",
            "author": "Hero",
            "avater": "https://ss1.bdstatic.com/70cFvXSh_Q1YnxGkpoWK1HF6hhy/it/u=3654181332,3383206541&fm=26&gp=0.jpg",
            "loveNumber": 166,
            "modelName": "柴犬"
        },
        {
            "modelImg": "http://img0.imgtn.bdimg.com/it/u=2977759592,3377891300&fm=200&gp=0.jpg",
            "author": "Hero",
            "avater": "https://ss1.bdstatic.com/70cFvXSh_Q1YnxGkpoWK1HF6hhy/it/u=3654181332,3383206541&fm=26&gp=0.jpg",
            "loveNumber": 166,
            "modelName": "柴犬"
        }, {
            "modelImg": "https://ss1.bdstatic.com/70cFvXSh_Q1YnxGkpoWK1HF6hhy/it/u=313412995,1809210894&fm=26&gp=0.jpg",
            "author": "Hero",
            "avater": "https://ss1.bdstatic.com/70cFvXSh_Q1YnxGkpoWK1HF6hhy/it/u=3654181332,3383206541&fm=26&gp=0.jpg",
            "loveNumber": 166,
            "modelName": "柴犬"
        }, {
            "modelImg": "https://ss0.bdstatic.com/70cFvHSh_Q1YnxGkpoWK1HF6hhy/it/u=1442535349,2002870727&fm=26&gp=0.jpg",
            "author": "Hero",
            "avater": "https://ss1.bdstatic.com/70cFvXSh_Q1YnxGkpoWK1HF6hhy/it/u=3654181332,3383206541&fm=26&gp=0.jpg",
            "loveNumber": 166,
            "modelName": "柴犬"
        }, {
            "modelImg": "https://ss0.bdstatic.com/70cFvHSh_Q1YnxGkpoWK1HF6hhy/it/u=2285637819,2706340459&fm=26&gp=0.jpg",
            "author": "Hero",
            "avater": "https://ss1.bdstatic.com/70cFvXSh_Q1YnxGkpoWK1HF6hhy/it/u=3654181332,3383206541&fm=26&gp=0.jpg",
            "loveNumber": 166,
            "modelName": "柴犬"
        }, {
            "modelImg": "https://ss0.bdstatic.com/70cFvHSh_Q1YnxGkpoWK1HF6hhy/it/u=1442535349,2002870727&fm=26&gp=0.jpg",
            "author": "Hero",
            "avater": "https://ss1.bdstatic.com/70cFvXSh_Q1YnxGkpoWK1HF6hhy/it/u=3654181332,3383206541&fm=26&gp=0.jpg",
            "loveNumber": 166,
            "modelName": "柴犬"
        }, {
            "modelImg": "https://ss0.bdstatic.com/70cFuHSh_Q1YnxGkpoWK1HF6hhy/it/u=3751910808,1160227988&fm=26&gp=0.jpg",
            "author": "Hero",
            "avater": "https://ss1.bdstatic.com/70cFvXSh_Q1YnxGkpoWK1HF6hhy/it/u=3654181332,3383206541&fm=26&gp=0.jpg",
            "loveNumber": 166,
            "modelName": "柴犬"
        }, {
            "modelImg": "http://img5.imgtn.bdimg.com/it/u=2599549227,2186199228&fm=200&gp=0.jpg",
            "author": "Hero",
            "avater": "https://ss1.bdstatic.com/70cFvXSh_Q1YnxGkpoWK1HF6hhy/it/u=3654181332,3383206541&fm=26&gp=0.jpg",
            "loveNumber": 166,
            "modelName": "柴犬"
        }, {
            "modelImg": "https://ss1.bdstatic.com/70cFvXSh_Q1YnxGkpoWK1HF6hhy/it/u=2673736786,1346822991&fm=26&gp=0.jpg",
            "author": "Hero",
            "avater": "https://ss1.bdstatic.com/70cFvXSh_Q1YnxGkpoWK1HF6hhy/it/u=3654181332,3383206541&fm=26&gp=0.jpg",
            "loveNumber": 166,
            "modelName": "笔记本"
        }, {
            "modelImg": "http://img5.imgtn.bdimg.com/it/u=2599549227,2186199228&fm=200&gp=0.jpg",
            "author": "Hero",
            "avater": "https://ss1.bdstatic.com/70cFvXSh_Q1YnxGkpoWK1HF6hhy/it/u=3654181332,3383206541&fm=26&gp=0.jpg",
            "loveNumber": 166,
            "modelName": "柴犬"
        }, {
            "modelImg": "https://ss1.bdstatic.com/70cFvXSh_Q1YnxGkpoWK1HF6hhy/it/u=3523720296,244370617&fm=26&gp=0.jpg",
            "author": "Hero",
            "avater": "https://ss1.bdstatic.com/70cFvXSh_Q1YnxGkpoWK1HF6hhy/it/u=3654181332,3383206541&fm=26&gp=0.jpg",
            "loveNumber": 156,
            "modelName": "柴犬"
        }, {
            "modelImg": "https://ss1.bdstatic.com/70cFvXSh_Q1YnxGkpoWK1HF6hhy/it/u=709197138,3780562769&fm=26&gp=0.jpg",
            "author": "Hero",
            "avater": "https://ss1.bdstatic.com/70cFvXSh_Q1YnxGkpoWK1HF6hhy/it/u=3654181332,3383206541&fm=26&gp=0.jpg",
            "loveNumber": 166,
            "modelName": "教育笔"
        }, {
            "modelImg": "https://ss0.bdstatic.com/70cFuHSh_Q1YnxGkpoWK1HF6hhy/it/u=3751910808,1160227988&fm=26&gp=0.jpg",
            "author": "Hero",
            "avater": "https://ss1.bdstatic.com/70cFvXSh_Q1YnxGkpoWK1HF6hhy/it/u=3654181332,3383206541&fm=26&gp=0.jpg",
            "loveNumber": 166,
            "modelName": "柴犬"
        }, {
            "modelImg": "https://ss0.bdstatic.com/70cFuHSh_Q1YnxGkpoWK1HF6hhy/it/u=3751910808,1160227988&fm=26&gp=0.jpg",
            "author": "Hero",
            "avater": "https://ss1.bdstatic.com/70cFvXSh_Q1YnxGkpoWK1HF6hhy/it/u=3654181332,3383206541&fm=26&gp=0.jpg",
            "loveNumber": 166,
            "modelName": "柴犬"
        }
    ]
}