{
    "status": 0,
    "modelArray": [{
            "modelImg": "https://ss1.bdstatic.com/70cFuXSh_Q1YnxGkpoWK1HF6hhy/it/u=2852774392,444763261&fm=26&gp=0.jpg",
            "author": "Hero",
            "avater": "https://ss1.bdstatic.com/70cFvXSh_Q1YnxGkpoWK1HF6hhy/it/u=2423374628,1260684941&fm=26&gp=0.jpg",
            "loveNumber": 166,
            "modelName": "蜘蛛侠"
        },
        {
            "modelImg": "https://ss1.bdstatic.com/70cFvXSh_Q1YnxGkpoWK1HF6hhy/it/u=2423374628,1260684941&fm=26&gp=0.jpg",
            "author": "Hero",
            "avater": "https://ss1.bdstatic.com/70cFvXSh_Q1YnxGkpoWK1HF6hhy/it/u=3654181332,3383206541&fm=26&gp=0.jpg",
            "loveNumber": 166,
            "modelName": "漫威"
        }, {
            "modelImg": "https://ss2.bdstatic.com/70cFvnSh_Q1YnxGkpoWK1HF6hhy/it/u=583616640,1117257950&fm=26&gp=0.jpg",
            "author": "Hero",
            "avater": "https://ss1.bdstatic.com/70cFvXSh_Q1YnxGkpoWK1HF6hhy/it/u=3654181332,3383206541&fm=26&gp=0.jpg",
            "loveNumber": 166,
            "modelName": "漫威"
        }, {
            "modelImg": "https://ss1.bdstatic.com/70cFvXSh_Q1YnxGkpoWK1HF6hhy/it/u=3523720296,244370617&fm=26&gp=0.jpg",
            "author": "Hero",
            "avater": "https://ss1.bdstatic.com/70cFvXSh_Q1YnxGkpoWK1HF6hhy/it/u=3654181332,3383206541&fm=26&gp=0.jpg",
            "loveNumber": 166,
            "modelName": "漫威"
        }, {
            "modelImg": "https://ss0.bdstatic.com/70cFuHSh_Q1YnxGkpoWK1HF6hhy/it/u=4148725502,2521855140&fm=26&gp=0.jpg",
            "author": "Hero",
            "avater": "https://ss1.bdstatic.com/70cFvXSh_Q1YnxGkpoWK1HF6hhy/it/u=3654181332,3383206541&fm=26&gp=0.jpg",
            "loveNumber": 166,
            "modelName": "漫威"
        }, {
            "modelImg": "https://ss1.bdstatic.com/70cFvXSh_Q1YnxGkpoWK1HF6hhy/it/u=313412995,1809210894&fm=26&gp=0.jpg",
            "author": "Hero",
            "avater": "https://ss1.bdstatic.com/70cFvXSh_Q1YnxGkpoWK1HF6hhy/it/u=3654181332,3383206541&fm=26&gp=0.jpg",
            "loveNumber": 166,
            "modelName": "漫威"
        }, {
            "modelImg": "https://ss2.bdstatic.com/70cFvnSh_Q1YnxGkpoWK1HF6hhy/it/u=2524795329,3089291745&fm=26&gp=0.jpg",
            "author": "Hero",
            "avater": "https://ss1.bdstatic.com/70cFvXSh_Q1YnxGkpoWK1HF6hhy/it/u=3654181332,3383206541&fm=26&gp=0.jpg",
            "loveNumber": 166,
            "modelName": "漫威"
        }, {
            "modelImg": "https://ss0.bdstatic.com/70cFvHSh_Q1YnxGkpoWK1HF6hhy/it/u=2285637819,2706340459&fm=26&gp=0.jpg",
            "author": "Hero",
            "avater": "https://ss1.bdstatic.com/70cFvXSh_Q1YnxGkpoWK1HF6hhy/it/u=3654181332,3383206541&fm=26&gp=0.jpg",
            "loveNumber": 166,
            "modelName": "漫威"
        }, {
            "modelImg": "https://ss0.bdstatic.com/70cFvHSh_Q1YnxGkpoWK1HF6hhy/it/u=1442535349,2002870727&fm=26&gp=0.jpg",
            "author": "Hero",
            "avater": "https://ss1.bdstatic.com/70cFvXSh_Q1YnxGkpoWK1HF6hhy/it/u=3654181332,3383206541&fm=26&gp=0.jpg",
            "loveNumber": 166,
            "modelName": "漫威"
        }, {
            "modelImg": "https://ss0.bdstatic.com/70cFvHSh_Q1YnxGkpoWK1HF6hhy/it/u=1442535349,2002870727&fm=26&gp=0.jpg",
            "author": "Hero",
            "avater": "https://ss1.bdstatic.com/70cFvXSh_Q1YnxGkpoWK1HF6hhy/it/u=3654181332,3383206541&fm=26&gp=0.jpg",
            "loveNumber": 166,
            "modelName": "漫威"
        }, {
            "modelImg": "https://ss0.bdstatic.com/70cFvHSh_Q1YnxGkpoWK1HF6hhy/it/u=1691567368,477448088&fm=26&gp=0.jpg",
            "author": "Hero",
            "avater": "https://ss1.bdstatic.com/70cFvXSh_Q1YnxGkpoWK1HF6hhy/it/u=3654181332,3383206541&fm=26&gp=0.jpg",
            "loveNumber": 166,
            "modelName": "漫威"
        }, {
            "modelImg": "https://ss0.bdstatic.com/70cFuHSh_Q1YnxGkpoWK1HF6hhy/it/u=1321799973,2238542497&fm=26&gp=0.jpg",
            "author": "Hero",
            "avater": "https://ss1.bdstatic.com/70cFvXSh_Q1YnxGkpoWK1HF6hhy/it/u=3654181332,3383206541&fm=26&gp=0.jpg",
            "loveNumber": 166,
            "modelName": "漫威"
        }, {
            "modelImg": "https://ss0.bdstatic.com/70cFuHSh_Q1YnxGkpoWK1HF6hhy/it/u=1321799973,2238542497&fm=26&gp=0.jpg",
            "author": "Hero",
            "avater": "https://ss1.bdstatic.com/70cFvXSh_Q1YnxGkpoWK1HF6hhy/it/u=3654181332,3383206541&fm=26&gp=0.jpg",
            "loveNumber": 166,
            "modelName": "漫威"
        }, {
            "modelImg": "https://ss0.bdstatic.com/70cFuHSh_Q1YnxGkpoWK1HF6hhy/it/u=1321799973,2238542497&fm=26&gp=0.jpg",
            "author": "Hero",
            "avater": "https://ss1.bdstatic.com/70cFvXSh_Q1YnxGkpoWK1HF6hhy/it/u=3654181332,3383206541&fm=26&gp=0.jpg",
            "loveNumber": 166,
            "modelName": "漫威"
        }
    ]
}