{
    "status": 0,
    "modelArray": [{
            "modelImg": "https://ss1.bdstatic.com/70cFvXSh_Q1YnxGkpoWK1HF6hhy/it/u=709197138,3780562769&fm=26&gp=0.jpg",
            "author": "Hero",
            "avater": "https://ss1.bdstatic.com/70cFvXSh_Q1YnxGkpoWK1HF6hhy/it/u=3654181332,3383206541&fm=26&gp=0.jpg",
            "loveNumber": 166,
            "modelName":"阿拉斯加"
        },
        {
            "modelImg": "http://img2.imgtn.bdimg.com/it/u=3622536740,838877236&fm=26&gp=0.jpg",
            "author": "Hero",
            "avater": "http://img2.imgtn.bdimg.com/it/u=3622536740,838877236&fm=26&gp=0.jpg",
            "loveNumber": 166,
            "modelName":"笔记本"
        }, {
            "modelImg": "https://ss2.bdstatic.com/70cFvnSh_Q1YnxGkpoWK1HF6hhy/it/u=1801253777,2176269075&fm=26&gp=0.jpg",
            "author": "Hero",
            "avater": "https://ss1.bdstatic.com/70cFvXSh_Q1YnxGkpoWK1HF6hhy/it/u=3654181332,3383206541&fm=26&gp=0.jpg",
            "loveNumber": 166,
            "modelName":"橡皮"
        }, {
            "modelImg": "https://ss1.bdstatic.com/70cFvXSh_Q1YnxGkpoWK1HF6hhy/it/u=709197138,3780562769&fm=26&gp=0.jpg",
            "author": "Hero",
            "avater": "https://ss1.bdstatic.com/70cFvXSh_Q1YnxGkpoWK1HF6hhy/it/u=3654181332,3383206541&fm=26&gp=0.jpg",
            "loveNumber": 166,
            "modelName":"阿拉斯加"
        }, {
            "modelImg": "https://ss1.bdstatic.com/70cFuXSh_Q1YnxGkpoWK1HF6hhy/it/u=2303583502,1330093363&fm=26&gp=0.jpg",
            "author": "Hero",
            "avater": "https://ss1.bdstatic.com/70cFvXSh_Q1YnxGkpoWK1HF6hhy/it/u=3654181332,3383206541&fm=26&gp=0.jpg",
            "loveNumber": 128,
            "modelName":"尺子"
        }, {
            "modelImg": "https://ss1.bdstatic.com/70cFvXSh_Q1YnxGkpoWK1HF6hhy/it/u=709197138,3780562769&fm=26&gp=0.jpg",
            "author": "Hero",
            "avater": "https://ss1.bdstatic.com/70cFvXSh_Q1YnxGkpoWK1HF6hhy/it/u=3654181332,3383206541&fm=26&gp=0.jpg",
            "loveNumber": 166,
            "modelName":"阿拉斯加"
        }, {
            "modelImg": "https://ss1.bdstatic.com/70cFvXSh_Q1YnxGkpoWK1HF6hhy/it/u=2673736786,1346822991&fm=26&gp=0.jpg",
            "author": "Hero",
            "avater": "https://ss1.bdstatic.com/70cFvXSh_Q1YnxGkpoWK1HF6hhy/it/u=3654181332,3383206541&fm=26&gp=0.jpg",
            "loveNumber": 166,
            "modelName":"阿拉斯加"
        }, {
            "modelImg": "https://ss1.bdstatic.com/70cFvXSh_Q1YnxGkpoWK1HF6hhy/it/u=2673736786,1346822991&fm=26&gp=0.jpg",
            "author": "Hero",
            "avater": "https://ss1.bdstatic.com/70cFvXSh_Q1YnxGkpoWK1HF6hhy/it/u=3654181332,3383206541&fm=26&gp=0.jpg",
            "loveNumber": 166,
            "modelName":"阿拉斯加"
        }, {
            "modelImg": "http://img2.imgtn.bdimg.com/it/u=2421078797,1622664099&fm=26&gp=0.jpg",
            "author": "Hero",
            "avater": "https://ss1.bdstatic.com/70cFvXSh_Q1YnxGkpoWK1HF6hhy/it/u=3654181332,3383206541&fm=26&gp=0.jpg",
            "loveNumber": 166,
            "modelName":"阿拉斯加"
        }, {
            "modelImg": "https://ss1.bdstatic.com/70cFvXSh_Q1YnxGkpoWK1HF6hhy/it/u=709197138,3780562769&fm=26&gp=0.jpg",
            "author": "Hero",
            "avater": "https://ss1.bdstatic.com/70cFvXSh_Q1YnxGkpoWK1HF6hhy/it/u=3654181332,3383206541&fm=26&gp=0.jpg",
            "loveNumber": 166,
            "modelName":"阿拉斯加"
        }, {
            "modelImg": "https://ss3.bdstatic.com/70cFv8Sh_Q1YnxGkpoWK1HF6hhy/it/u=1346657373,2708132598&fm=26&gp=0.jpg",
            "author": "Hero",
            "avater": "https://ss1.bdstatic.com/70cFvXSh_Q1YnxGkpoWK1HF6hhy/it/u=3654181332,3383206541&fm=26&gp=0.jpg",
            "loveNumber": 166,
            "modelName":"阿拉斯加"
        }, {
            "modelImg": "http://img1.imgtn.bdimg.com/it/u=1059207022,3760089343&fm=26&gp=0.jpg",
            "author": "Hero",
            "avater": "https://ss1.bdstatic.com/70cFvXSh_Q1YnxGkpoWK1HF6hhy/it/u=3654181332,3383206541&fm=26&gp=0.jpg",
            "loveNumber": 166,
            "modelName":"阿拉斯加"
        }, {
            "modelImg": "http://img2.imgtn.bdimg.com/it/u=2123686194,84156128&fm=26&gp=0.jpg",
            "author": "Hero",
            "avater": "https://ss1.bdstatic.com/70cFvXSh_Q1YnxGkpoWK1HF6hhy/it/u=3654181332,3383206541&fm=26&gp=0.jpg",
            "loveNumber": 166,
            "modelName":"阿拉斯加"
        }, {
            "modelImg": "http://img2.imgtn.bdimg.com/it/u=2123686194,84156128&fm=26&gp=0.jpg",
            "author": "Hero",
            "avater": "https://ss1.bdstatic.com/70cFvXSh_Q1YnxGkpoWK1HF6hhy/it/u=3654181332,3383206541&fm=26&gp=0.jpg",
            "loveNumber": 166,
            "modelName":"阿拉斯加"
        }
    ]
}