{
    "order":[
        {
            "ohead":[
                {
                    "oNum":"160620190211526332",
                    "oDate": "2019-2-20 22:30:00"}
            ],
            "obody":[
            { 
                "oNum":"160620190211526332",
                "pNo": "88",
                "pModal": "UTYS654PS",
                "pName" : "极光尔沃",
                "mNo": "01",
                "mName": "柴犬",
                "mNum":1,
                "mId":11,
                "mPicPath": "https://ss0.bdstatic.com/70cFuHSh_Q1YnxGkpoWK1HF6hhy/it/u=3751910808,1160227988&fm=26&gp=0.jpg",
                "mfileSize": "2mb",
                "mfileName":"dog",
                "mfileFormat":"STL",
                "mMaterialType":"PLA",
                "mQuality":"标准",
                "oDate": "2019-2-10",
                "mSizeL": 20,
                "mSizeW": 20,
                "mSizeH": 20,
                "mestimatedTime":30,
                "total":200,
                "price":200,
                "pStatus":"已打印"
            },
            { 
                "oNum":"160620190211526332",
                "pNo": "88",
                "pModal": "UTYS654PS",
                "pName" : "极光尔沃",
                "mNo": "01",
                "mName": "柴犬",
                "mNum":1,
                "mId":12,
                "mPicPath": "https://ss0.bdstatic.com/70cFuHSh_Q1YnxGkpoWK1HF6hhy/it/u=3751910808,1160227988&fm=26&gp=0.jpg",
                "mfileSize": "2mb",
                "mfileName":"dog",
                "mfileFormat":"STL",
                "mMaterialType":"PLA",
                "mQuality":"标准",
                "oDate": "2019-2-10",
                "mSizeL": 20,
                "mSizeW": 20,
                "mSizeH": 20,
                "mestimatedTime":30,
                "total":200,
                "price":200,
                "pStatus":"已打印"
            }
            ]
        },
        {
            "ohead":[
                {
                    "oNum":"160620190211526332",
                    "oDate": "2019-2-18 22:00:00"}
            ],
            "obody":[
                { 
                    "oNum":"160620190211526332",
                    "pNo": "88",
                    "pModal": "UTYS654PS",
                    "pName" : "极光尔沃",
                    "mNo": "01",
                    "mName": "柴犬",
                    "mNum":1,
                    "mId":13,
                    "mPicPath": "https://ss0.bdstatic.com/70cFuHSh_Q1YnxGkpoWK1HF6hhy/it/u=3751910808,1160227988&fm=26&gp=0.jpg",
                    "mfileSize": "2mb",
                    "mfileName":"dog",
                    "mfileFormat":"STL",
                    "mMaterialType":"PLA",
                    "mQuality":"标准",
                    "oDate": "2019-2-10",
                    "mSizeL": 20,
                    "mSizeW": 20,
                    "mSizeH": 20,
                    "mestimatedTime":30,
                    "total":200,
                    "price":200,
                    "pStatus":"已打印"
                }
            ]
        }
    ] 
}
