{
    "status": 0,
    "modelArray": [{
            "modelImg": "http://img5.imgtn.bdimg.com/it/u=2599549227,2186199228&fm=200&gp=0.jpg",
            "author": "Hero",
            "avater": "http://img5.imgtn.bdimg.com/it/u=2599549227,2186199228&fm=200&gp=0.jpg",
            "loveNumber": 166,
            "modelName": "二哈"
        },
        {
            "modelImg": "http://img1.imgtn.bdimg.com/it/u=521538277,2114400762&fm=26&gp=0.jpg",
            "author": "Hero",
            "avater": "http://img5.imgtn.bdimg.com/it/u=2599549227,2186199228&fm=200&gp=0.jpg",
            "loveNumber": 166,
            "modelName": "二哈"
        }, {
            "modelImg": "http://img1.imgtn.bdimg.com/it/u=2682654683,1677938808&fm=26&gp=0.jpg",
            "author": "Hero",
            "avater": "http://img5.imgtn.bdimg.com/it/u=2599549227,2186199228&fm=200&gp=0.jpg",
            "loveNumber": 166,
            "modelName": "二哈"
        }, {
            "modelImg": "http://img2.imgtn.bdimg.com/it/u=4274009252,77327896&fm=26&gp=0.jpg",
            "author": "Hero",
            "avater": "http://img5.imgtn.bdimg.com/it/u=2599549227,2186199228&fm=200&gp=0.jpg",
            "loveNumber": 166,
            "modelName": "二哈"
        }, {
            "modelImg": "http://img1.imgtn.bdimg.com/it/u=3372310483,2552345272&fm=26&gp=0.jpg",
            "author": "Hero",
            "avater": "http://img2.imgtn.bdimg.com/it/u=4274009252,77327896&fm=26&gp=0.jpg",
            "loveNumber": 166,
            "modelName": "二哈"
        }, {
            "modelImg": "http://img0.imgtn.bdimg.com/it/u=2461085024,3328584218&fm=26&gp=0.jpg",
            "author": "Hero",
            "avater": "http://img5.imgtn.bdimg.com/it/u=2599549227,2186199228&fm=200&gp=0.jpg",
            "loveNumber": 166,
            "modelName": "二哈"
        }, {
            "modelImg": "http://img5.imgtn.bdimg.com/it/u=2599549227,2186199228&fm=200&gp=0.jpg",
            "author": "Hero",
            "avater": "http://img5.imgtn.bdimg.com/it/u=2599549227,2186199228&fm=200&gp=0.jpg",
            "loveNumber": 166,
            "modelName": "二哈"
        }, {
            "modelImg": "http://img1.imgtn.bdimg.com/it/u=497792831,2325289904&fm=26&gp=0.jpg",
            "author": "Hero",
            "avater": "http://img5.imgtn.bdimg.com/it/u=2599549227,2186199228&fm=200&gp=0.jpg",
            "loveNumber": 166,
            "modelName": "二哈"
        }, {
            "modelImg": "http://img2.imgtn.bdimg.com/it/u=1103590106,1129449504&fm=26&gp=0.jpg",
            "author": "Hero",
            "avater": "http://img5.imgtn.bdimg.com/it/u=2599549227,2186199228&fm=200&gp=0.jpg",
            "loveNumber": 166,
            "modelName": "二哈"
        }, {
            "modelImg": "http://img0.imgtn.bdimg.com/it/u=2977759592,3377891300&fm=200&gp=0.jpg",
            "author": "Hero",
            "avater": "http://img0.imgtn.bdimg.com/it/u=2977759592,3377891300&fm=200&gp=0.jpg",
            "loveNumber": 116,
            "modelName": "创意"
        }, {
            "modelImg": "http://img2.imgtn.bdimg.com/it/u=1103590106,1129449504&fm=26&gp=0.jpg",
            "author": "Hero",
            "avater": "http://img5.imgtn.bdimg.com/it/u=2599549227,2186199228&fm=200&gp=0.jpg",
            "loveNumber": 166,
            "modelName": "二哈"
        }, {
            "modelImg": "http://img5.imgtn.bdimg.com/it/u=49761427,1131415270&fm=200&gp=0.jpg",
            "author": "Hero",
            "avater": "http://img5.imgtn.bdimg.com/it/u=49761427,1131415270&fm=200&gp=0.jpg",
            "loveNumber": 166,
            "modelName": "二哈"
        }, {
            "modelImg": "http://img5.imgtn.bdimg.com/it/u=49761427,1131415270&fm=200&gp=0.jpg",
            "author": "Hero",
            "avater": "http://img5.imgtn.bdimg.com/it/u=49761427,1131415270&fm=200&gp=0.jpg",
            "loveNumber": 166,
            "modelName": "二哈"
        }, {
            "modelImg": "http://img5.imgtn.bdimg.com/it/u=2599549227,2186199228&fm=200&gp=0.jpg",
            "author": "Hero",
            "avater": "http://img5.imgtn.bdimg.com/it/u=2599549227,2186199228&fm=200&gp=0.jpg",
            "loveNumber": 166,
            "modelName": "二哈"
        }
    ]
}