{
    "currentUser": "小a",
    "printerQueue":[
        {
        "pName":"3D模型1",
        "createdTime":"2019-1-19-16:00",
        "modelSize":"100mmx100mmx200mm",
        "start": false,
        "currentState": "暂停",
        "count":2,
        "pmaterialType":"PLC",
        "mode":"品质",
        "timeRemaining":"30min",       
        "percentage":90,
        "color":"yellow",
        "type":"info",
        "username": "小a"
        },
        {
        "pName":"3D模型2",
        "createdTime":"2019-1-19-16:00",
        "modelSize":"100mmx100mmx200mm",
        "start": false,
        "currentState": "暂停",
        "count":1,
        "pmaterialType":"PLC",
        "mode":"品质", 
        "timeRemaining":"等待中---",         
        "percentage":0,
        "color":"white",
        "type":"info",
        "username": "小b"            
         },
         {
        "pName":"3D模型3",
        "createdTime":"2019-1-19-16:00",
        "modelSize":"100mmx100mmx200mm",
        "start": false,
        "currentState": "暂停",
        "count":1,
        "pmaterialType":"PLC",
        "mode":"品质",   
        "timeRemaining":"等待中---",       
        "percentage":0,
        "color":"blue",
        "type":"info",
        "username": "小a"
         },
         {
        "pName":"3D模型4",
        "createdTime":"2019-1-19-16:00",
        "modelSize":"100mmx100mmx200mm",
        "start": false,
        "currentState": "暂停",
        "count":1,
        "pmaterialType":"PLC",
        "mode":"品质", 
        "timeRemaining":"等待中---",         
        "percentage":0,
        "color":"blue",
        "type":"info",
        "username": "小a"
         },
         {
        "pName":"3D模型5",
        "createdTime":"2019-1-19-16:00",
        "modelSize":"100mmx100mmx200mm",
        "start": false,
        "currentState": "暂停",
        "count":1,
        "pmaterialType":"PLC",
        "mode":"品质",  
        "timeRemaining":"等待中---",        
        "percentage":0,
        "color":"blue",
        "type":"info",
        "username": "小c"

         },
         {
        "pName":"3D模型6",
        "createdTime":"2019-1-19-16:00",
        "modelSize":"100mmx100mmx200mm",
        "start": false,
        "currentState": "暂停",
        "count":1,
        "pmaterialType":"PLC",
        "mode":"品质",     
        "timeRemaining":"等待中---",     
        "percentage":0,
        "color":"blue",
        "type":"info",
        "username": "小a"
        }
    ],
    "userQueue":[
        {
            "pName":"3D模型1",
            "createdTime":"2019-1-19-16:00",
            "modelSize":"100mmx100mmx200mm",
            "start": false,
            "currentState": "暂停",
            "count":2,
            "pmaterialType":"PLC",
            "mode":"品质",
            "timeRemaining":"0h30min",       
            "percentage":90,
            "color":"pueple",
            "type":"info",
            "username": "小a"
        },
        {
            "pName":"3D模型3",
            "createdTime":"2019-1-19-16:00",
            "modelSize":"100mmx100mmx200mm",
            "start": false,
            "currentState": "暂停",
            "count":1,
            "pmaterialType":"PLC",
            "mode":"品质", 
            "timeRemaining":"等待中---",         
            "percentage":0,
            "color":"blue",
            "type":"info",
            "username": "小a"
            },

            {
            "pName":"3D模型4",
            "createdTime":"2019-1-19-16:00",
            "modelSize":"100mmx100mmx200mm",
            "start": false,
            "currentState": "暂停",
            "count":1,
            "pmaterialType":"PLC",
            "mode":"品质", 
            "timeRemaining":"等待中---",         
            "percentage":0,
            "color":"blue",
            "type":"info",
            "username": "小a"
            }
    ]
}