{ 
   "printerData": [ {   "pNo": "88",
                        "pModal": "UTYS654PS",
                        "pName" : "极光尔沃",
                        "pStatus": "正在打印",
                        "waitingTime": "60"  },
                     {  "pNo": "87",
                        "pModal": "UTYS654PS",
                        "pName" : "极光尔沃",
                        "pStatus": "正在打印",
                        "waitingTime": "60"  },
                     {  "pNo": "86",
                        "pModal": "UTYS654PS",
                        "pName":"创想三维Creality",
                        "pStatus": "正在打印",
                        "waitingTime": "59"  },
                     {  "pNo": "85",
                        "pModal": "UTYS654PS",
                        "pName":"创想三维Creality",
                        "pStatus": "正在打印",
                        "waitingTime": "58"  },
                     {  "pNo": "84",
                        "pModal": "UTYS654PS",
                        "pName":"MakerBot",
                        "pStatus": "正在打印",
                        "waitingTime": "58"  },
                     {  "pNo": "83",
                        "pModal": "UTYS654PS",
                        "pName":"MakerBot",
                        "pStatus": "正在打印",
                        "waitingTime": "58"  }
                ]
}