{
    "status":[{
        "pName":"极光沃尔",
        "pNo":"IP1,880",
        "printorstate":"打印中...",
        "netWork":"已连接---",
        "bedtemperature":"88",
        "mouthOneTemperature":"160",
        "mouthTowTemperature":"200",
        "printCount":"7",
        "finishCount":"3",
        "timeRemain":"130",
        "matiaral":"600"
    }
    ],
    "labels": ["0s", "1s", "2s", "3s", "4s", "5s", "6s","7s","8s","9s"],
    "datasets": {
        "data1": [0, 23, 53, 67, 78,88,90,97,98,99],
        "data2": [0, 30, 60, 77, 110, 160, 177,190,199,200]
    }
}